{"cameraMode":{"drawMode":0,"name":"Shaded","section":"Shading Mode"},"sceneLighting":true,"audioPlay":false,"sceneViewState":{"m_AlwaysRefresh":false,"showFog":true,"showSkybox":true,"showFlares":true,"showImageEffects":true,"showParticleSystems":true,"showVisualEffectGraphs":true,"m_FxEnabled":true},"in2DMode":false,"pivot":{"x":-75.30736541748047,"y":-0.27946460247039797,"z":-21.887557983398439},"rotation":{"x":-0.20196737349033357,"y":0.30856165289878847,"z":-0.06721966713666916,"w":-0.9270868897438049},"size":5.526426315307617,"orthographic":true}