{"cameraMode":{"drawMode":0,"name":"Shaded","section":"Shading Mode"},"sceneLighting":true,"audioPlay":false,"sceneViewState":{"m_AlwaysRefresh":false,"showFog":true,"showSkybox":true,"showFlares":true,"showImageEffects":true,"showParticleSystems":true,"showVisualEffectGraphs":true,"m_FxEnabled":true},"in2DMode":false,"pivot":{"x":23.247447967529298,"y":5.495250701904297,"z":-3.006814956665039},"rotation":{"x":-0.039576999843120578,"y":0.8386783003807068,"z":-0.5397101044654846,"w":-0.06150028854608536},"size":12.516281127929688,"orthographic":false}