{"cameraMode":{"drawMode":0,"name":"Shaded","section":"Shading Mode"},"sceneLighting":true,"audioPlay":false,"sceneViewState":{"m_AlwaysRefresh":false,"showFog":true,"showSkybox":true,"showFlares":true,"showImageEffects":true,"showParticleSystems":true,"showVisualEffectGraphs":true,"m_FxEnabled":true},"in2DMode":false,"pivot":{"x":-77.57589721679688,"y":2.8226797580718996,"z":-20.580320358276368},"rotation":{"x":-0.08073831349611283,"y":0.3245519995689392,"z":-0.027817023918032647,"w":-0.9420055150985718},"size":10.103157997131348,"orthographic":false}