{"cameraMode":{"drawMode":0,"name":"Shaded","section":"Shading Mode"},"sceneLighting":true,"audioPlay":false,"sceneViewState":{"m_AlwaysRefresh":false,"showFog":true,"showSkybox":true,"showFlares":true,"showImageEffects":true,"showParticleSystems":true,"showVisualEffectGraphs":true,"m_FxEnabled":true},"in2DMode":false,"pivot":{"x":6.944698810577393,"y":9.173474311828614,"z":13.552911758422852},"rotation":{"x":0.00144219771027565,"y":0.9813098907470703,"z":-0.19228944182395936,"w":0.007359963376075029},"size":4.024313449859619,"orthographic":false}